task_index,subpass,mean_score
11,0,1.0000000000
11,1,0.5822460132
11,2,0.6666666667
11,3,0.6666666667
11,4,0.2743946453
11,5,0.5000000000
11,6,0.5233296316
11,7,0.4184919693
11,8,0.3485179786
11,9,0.2070626878
11,10,0.1663023603
11,11,0.2031922251
11,12,0.1724909142
