task_index,subpass,mean_score,median_score
16,0,1.0000000000,1.0000000000
16,1,0.8333333333,1.0000000000
16,2,0.8333333333,1.0000000000
16,3,0.4845050861,0.4535152584
16,4,0.2767066492,0.0000000000
16,5,0.3719280376,0.2755160653
16,6,0.5740366125,0.7287593532
16,7,0.5301882734,0.6237508058
16,8,0.6521704332,0.9565112995
