task_index,subpass,mean_score
16,0,1.0000000000
16,1,0.8333333333
16,2,0.8333333333
16,3,0.4845050861
16,4,0.2767066492
16,5,0.3719280376
16,6,0.5740366125
16,7,0.5301882734
16,8,0.6521704332
