model_name,budget,accuracy,invalid_rate,mean_output_tokens,total_score,total_subpasses,token_observations,empty_output_count,empty_output_rate,api_error_count,api_error_rate,non_completed_count,non_completed_rate,incomplete_response_count,incomplete_response_rate,budget_cap_hit_count,budget_cap_hit_rate,reasoning_equals_output_count,reasoning_equals_output_rate,missing_meta_count,missing_meta_rate
gpt-5.2-chat-azure-B256-informed-tools,256,0.0,1.0,245.25925925925927,0.0,27,27,26,0.9629629629629629,0,0.0,27,1.0,27,1.0,22,0.8148148148148148,25,0.9259259259259259,0,0.0
gpt-5.2-chat-azure-B512-informed-tools,512,0.07407407407407407,0.9259259259259259,472.85185185185185,2.0,27,27,19,0.7037037037037037,0,0.0,24,0.8888888888888888,24,0.8888888888888888,19,0.7037037037037037,19,0.7037037037037037,0,0.0
gpt-5.2-chat-azure-B4096-informed-tools,4096,0.4074074074074074,0.5925925925925926,851.5555555555555,11.0,27,27,0,0.0,0,0.0,0,0.0,0,0.0,0,0.0,0,0.0,0,0.0
gpt-5.2-chat-azure-B65536-informed-tools,65536,0.4074074074074074,0.5925925925925926,916.925925925926,11.0,27,27,0,0.0,0,0.0,0,0.0,0,0.0,0,0.0,0,0.0,0,0.0
